rubric,keywords,weight,candidate_remedies
"Mind - Fear - alone","fear alone, anxiety when alone, dislikes solitude",3,"Pulsatilla;Arsenicum album"
"Mind - Philosophy/religious - tendency","philosophical, religious turn of mind",2,"Sulphur;Natrum muriaticum"
"Generalities - Heat - agg.","aggravation from heat, worse warmth",3,"Sulphur;Lycopodium"
"Extremities - Burning - soles at night","burning soles, uncovers feet",2,"Sulphur"
"Stomach - Desires - sweets","desire sweets, craving sugar",1,"Sulphur;Argentum nitricum"
"Head - Pain - left side","left-sided headaches",1,"Lachesis;Spigelia"
"Female Genitalia/Sex - Menses - late, scanty","late menses, scanty flow",2,"Pulsatilla"
"Sleep - Position - knees drawn up","sleeps with knees up",1,"Pulsatilla;Medorrhinum"
"Nose - Coryza - evening agg.","evening coryza worse",1,"Nux vomica"
"Stomach - Aversions - fats","aversion fatty food",1,"Pulsatilla"
